title,link,image_link
"Fashion Trends: What's In For Spring, Summer, Fall, and Winter | Vogue",https://assets.vogue.com/photos/65f08c8d85a7d78eb3f73170/3:4/w_1600%2Cc_limit/fall-2024-trend-report-F24_TR_1440x1080-r3.png,https://assets.vogue.com/photos/65f08c8d85a7d78eb3f73170/3:4/w_1600%2Cc_limit/fall-2024-trend-report-F24_TR_1440x1080-r3.png
Current Fashion Trends You'll Be Wearing In 2021 | Glamour,https://media.glamour.com/photos/5fdbb636ff1e1e8a929f8f69/master/w_1600%2Cc_limit/GL-CloseToHome-Lede.jpg,https://media.glamour.com/photos/5fdbb636ff1e1e8a929f8f69/master/w_1600%2Cc_limit/GL-CloseToHome-Lede.jpg
"9 Top Fashion Trends of 2024, According to Stylists",https://www.realsimple.com/thmb/yla86Nr8GjRXe_9IyADQ638gPrg=/1500x0/filters:no_upscale():max_bytes(150000):strip_icc()/fashion-trends-GettyImages-1457816153-d2982e954afe4b42bf5587f087da90d4.jpg,https://www.realsimple.com/thmb/yla86Nr8GjRXe_9IyADQ638gPrg=/1500x0/filters:no_upscale():max_bytes(150000):strip_icc()/fashion-trends-GettyImages-1457816153-d2982e954afe4b42bf5587f087da90d4.jpg
"The 2023 Style Trends to Start Shopping Now, According to Experts ...",https://media.glamour.com/photos/63a235d04dd4cb9b8e66e522/master/w_2560%2Cc_limit/trends.png,https://media.glamour.com/photos/63a235d04dd4cb9b8e66e522/master/w_2560%2Cc_limit/trends.png
Men's Fashion Trends and Styling Tricks to Try in 2022 | Vogue,https://assets.vogue.com/photos/61e9c43c8aa98afba69ec2e8/master/w_2560%2Cc_limit/00_story.jpg,https://assets.vogue.com/photos/61e9c43c8aa98afba69ec2e8/master/w_2560%2Cc_limit/00_story.jpg
36 Best Current Fashion Trends - Fibre2Fashion,https://static.fibre2fashion.com//articleresources/images/91/9076/FashionTrends2021_Small.jpg,https://static.fibre2fashion.com//articleresources/images/91/9076/FashionTrends2021_Small.jpg
What Do Current Fashion Trends Mean?,https://www.josephrosenfeld.com/wp-content/uploads/2016/06/Spring_2016_Fashion_Trends.jpg,https://www.josephrosenfeld.com/wp-content/uploads/2016/06/Spring_2016_Fashion_Trends.jpg
"Men's Fashion, Style & Latest Trends | Vogue",https://assets.vogue.com/photos/63d030b504605e2e780f9752/4:3/w_1600%2Cc_limit/00-promo%2520(15).jpg,https://assets.vogue.com/photos/63d030b504605e2e780f9752/4:3/w_1600%2Cc_limit/00-promo%2520(15).jpg
7 Fashion Trends That Will Be Big In 2022,https://hips.hearstapps.com/hmg-prod/images/fashion-trends-2022-opener-2-1642154776.jpg,https://hips.hearstapps.com/hmg-prod/images/fashion-trends-2022-opener-2-1642154776.jpg
The Spring 2023 Trends on Vogue Editors' Shopping Lists | Vogue,https://assets.vogue.com/photos/642d9644448626100ba8152f/master/w_2560%2Cc_limit/00-story%2520(6).jpg,https://assets.vogue.com/photos/642d9644448626100ba8152f/master/w_2560%2Cc_limit/00-story%2520(6).jpg
